word,score
para,0
esta,0
pero,0
bien,0
como,0
aqui,0
esto,0
todo,0
estoy,0
ahora,0
esta,0
vamos,0
algo,0
bueno,0
tengo,0
cuando,0
estas,0
nada,0
como,0
este,0
tiene,0
puedo,0
ella,0
quiero,0
hacer,0
gracias,0
solo,0
todos,0
porque,0
tienes,0
creo,0
sabes,0
estaba,0
puede,0
eres,0
usted,0
entonces,0
hola,0
solo,0
verdad,0
casa,0
quien,0
tiempo,0
nunca,0
donde,0
favor,0
mucho,0
quieres,0
siento,0
señor,0
mejor,0
hace,0
decir,0
tambien,0
sobre,0
dios,0
tenemos,0
estan,0
puedes,0
hombre,0
vida,0
alguien,0
cosas,0
siempre,0
hasta,0
años,0
antes,0
estar,0
poco,0
noche,0
hecho,0
estamos,0
otra,0
acuerdo,0
trabajo,0
nosotros,0
parece,0
gente,0
padre,0
mira,0
mismo,0
dijo,0
nadie,0
quiere,0
podria,0
hablar,0
ellos,0
pasa,0
fuera,0
despues,0
desde,0
dinero,0
mundo,0
claro,0
momento,0
tener,0
estado,0
otro,0
habia,0
mañana,0
tenia,0
madre,0
vale,0
lugar,0
haciendo,0
donde,0
seguro,0
sabe,0
podemos,0
espera,0
nuevo,0
sido,0
cosa,0
hijo,0
alli,0
menos,0
tipo,0
amigo,0
gran,0
nuestro,0
mujer,0
mama,0
luego,0
papa,0
dias,0
dice,0
tres,0
buena,0
necesito,0
dije,0
gusta,0
queria,0
sera,0
haber,0
parte,0
todas,0
crees,0
buen,0
conmigo,0
nombre,0
mierda,0
nuestra,0
debe,0
realmente,0
estas,0
toda,0
hacerlo,0
cada,0
visto,0
importa,0
contigo,0
tienen,0
hemos,0
razon,0
alguna,0
tanto,0
saber,0
hizo,0
veces,0
serio,0
idea,0
tarde,0
problema,0
hora,0
cierto,0
dicho,0
quien,0
demasiado,0
amor,0
entre,0
pasado,0
familia,0
estos,0
policia,0
deberia,0
ustedes,0
chica,0
esos,0
chicos,0
cuenta,0
haces,0
todavia,0
salir,0
algun,0
vaya,0
unos,0
amigos,0
hermano,0
pense,0
sabia,0
cabeza,0
cariño,0
digo,0
hombres,0
buenas,0
somos,0
cualquier,0
forma,0
mientras,0
lado,0
debo,0
seria,0
caso,0
pueden,0
paso,0
primera,0
genial,0
chico,0
supuesto,0
hice,0
pues,0
adios,0
muchas,0
personas,0
señora,0
volver,0
esas,0
quiza,0
contra,0
camino,0
durante,0
hablando,0
manera,0
muerto,0
persona,0
rapido,0
cual,0
ayuda,0
historia,0
supongo,0
nueva,0
entiendo,0
dentro,0
casi,0
puerta,0
pasar,0
primero,0
significa,0
semana,0
hacia,0
quizas,0
espero,0
juntos,0
niños,0
pronto,0
suerte,0
ciudad,0
siquiera,0
feliz,0
venir,0
hija,0
gustaria,0
minutos,0
cuanto,0
muerte,0
dejar,0
realidad,0
deja,0
problemas,0
importante,0
dijiste,0
corazon,0
miedo,0
jefe,0
agua,0
hare,0
justo,0
horas,0
poder,0
buenos,0
esposa,0
manos,0
debes,0
viene,0
venga,0
nuestros,0
ojos,0
adelante,0
encontrar,0
mano,0
cinco,0
niño,0
ninguna,0
otros,0
cara,0
cuidado,0
bajo,0
cerca,0
viejo,0
dejame,0
noches,0
bastante,0
tomar,0
unico,0
misma,0
escucha,0
ningun,0
suficiente,0
punto,0
cuando,0
sigue,0
haya,0
equipo,0
grande,0
necesita,0
llegar,0
incluso,0
algunos,0
doctor,0
dificil,0
aunque,0
hubiera,0
primer,0
coche,0
hago,0
clase,0
cuatro,0
dices,0
pequeño,0
llama,0
toma,0
hiciste,0
alla,0
ultima,0
arriba,0
tierra,0
guerra,0
pensar,0
pueda,0
igual,0
loco,0
sangre,0
mujeres,0
vuelta,0
trabajar,0
tenido,0
juego,0
deberias,0
cuerpo,0
algunas,0
entrar,0
cree,0
podia,0
debemos,0
oportunidad,0
telefono,0
necesitamos,0
final,0
listo,0
fiesta,0
muchos,0
estabas,0
quieren,0
vete,0
auto,0
vivir,0
posible,0
hermana,0
numero,0
meses,0
exactamente,0
culpa,0
abajo,0
escuela,0
fuerte,0
diciendo,0
habla,0
este,0
ello,0
pregunta,0
chicas,0
eran,0
unas,0
pasando,0
atras,0
malo,0
capitan,0
sra,0
bebe,0
segundo,0
sabemos,0
mayor,0
comida,0
morir,0
conozco,0
dame,0
facil,0
comer,0
vino,0
lista,0
haga,0
necesitas,0
hijos,0
probablemente,0
padres,0
habitacion,0
creer,0
pensando,0
fueron,0
dime,0
trata,0
buscando,0
tuve,0
tampoco,0
joven,0
podrias,0
sola,0
unica,0
hacen,0
seguir,0
simplemente,0
dicen,0
medio,0
puta,0
saben,0
sentido,0
hagas,0
segura,0
esperar,0
lejos,0
arma,0
alto,0
pequeña,0
dolares,0
seis,0
estaban,0
seguridad,0
maldita,0
estuvo,0
preocupes,0
palabra,0
esperando,0
queda,0
oficina,0
matar,0
cama,0
ademas,0
ultimo,0
oido,0
habria,0
estara,0
recuerdo,0
siendo,0
acerca,0
tenga,0
correcto,0
demonios,0
nuestras,0
verte,0
dormir,0
sitio,0
ayudar,0
conseguir,0
marido,0
idiota,0
plan,0
dado,0
cuanto,0
peor,0
murio,0
pueblo,0
vivo,0
venido,0
john,0
basta,0
paso,0
deberiamos,0
musica,0
diga,0
minuto,0
anoche,0
llamar,0
piensa,0
pais,0
digas,0
perdon,0
mucha,0
falta,0
pienso,0
diablos,0
perdido,0
niña,0
señorita,0
diez,0
lleva,0
hospital,0
grandes,0
maldito,0
otras,0
llamado,0
hacemos,0
llevar,0
fuego,0
aqui,0
tuvo,0
poner,0
calle,0
acaba,0
prueba,0
increible,0
real,0
libro,0
orden,0
semanas,0
especial,0
cafe,0
duro,0
empezar,0
afuera,0
queremos,0
perro,0
cielo,0
jack,0
puesto,0
viaje,0
detras,0
cuarto,0
querida,0
haria,0
preguntas,0
piensas,0
querido,0
libre,0
buscar,0
cual,0
dire,0
suena,0
jugar,0
cambio,0
pelicula,0
millones,0
habra,0
llamada,0
resto,0
vemos,0
extraño,0
mala,0
presidente,0
srta,0
irme,0
ropa,0
perder,0
vuelve,0
agente,0
palabras,0
informacion,0
raro,0
hara,0
entiendes,0
este,0
trabajando,0
tratando,0
general,0
trato,0
usar,0
perfecto,0
derecho,0
modo,0
ayer,0
conoces,0
demas,0
quieras,0
podriamos,0
noticias,0
asesino,0
encontrado,0
control,0
odio,0
frente,0
sexo,0
decirle,0
estare,0
divertido,0
armas,0
recuerdas,0
amiga,0
grupo,0
asunto,0
acabo,0
mensaje,0
encima,0
atencion,0
diferente,0
callate,0
daño,0
sucede,0
cambiar,0
siguiente,0
sino,0
seas,0
medico,0
boca,0
dejo,0
error,0
jamas,0
largo,0
pena,0
futuro,0
siente,0
secreto,0
baño,0
decirte,0
pensaba,0
novia,0
propia,0
sueño,0
fuerza,0
deben,0
supone,0
estabamos,0
ambos,0
estuve,0
encontre,0
vuelto,0
dolor,0
dile,0
encanta,0
edad,0
darle,0
negro,0
ganar,0
york,0
aire,0
lamento,0
verlo,0
asesinato,0
adonde,0
llegado,0
disculpe,0
cita,0
estaria,0
fuiste,0
sistema,0
gusto,0
pobre,0
negocio,0
mente,0
tuyo,0
campo,0
mire,0
situacion,0
tras,0
hotel,0
vosotros,0
funciona,0
foto,0
abogado,0
loca,0
propio,0
alrededor,0
proxima,0
terminado,0
hablas,0
pagar,0
mato,0
llamo,0
personal,0
sientes,0
ocurre,0
esta,0
recuerda,0
mitad,0
quiera,0
pelo,0
tenias,0
viste,0
oficial,0
llego,0
compañia,0
relacion,0
conoce,0
pase,0
monton,0
mejores,0
crei,0
cena,0
sentir,0
traves,0
accidente,0
ellas,0
caja,0
tranquilo,0
bonito,0
eras,0
pudo,0
vive,0
vista,0
estupido,0
linea,0
caballeros,0
haremos,0
quedate,0
tienda,0
comprar,0
entendido,0
centro,0
salvo,0
tonto,0
hambre,0
michael,0
mesa,0
respuesta,0
completamente,0
david,0
carta,0
totalmente,0
imposible,0
pruebas,0
novio,0
normal,0
gustan,0
frank,0
pude,0
charlie,0
traje,0
direccion,0
siete,0
dijeron,0
placer,0
sean,0
tendra,0
barco,0
blanco,0
profesor,0
servicio,0
muchacho,0
reunion,0
dejado,0
quisiera,0
hubo,0
george,0
programa,0
carrera,0
cumpleaños,0
muchachos,0
culo,0
cancion,0
hermosa,0
universidad,0
boda,0
decirme,0
cualquiera,0
tengas,0
hacia,0
estes,0
sala,0
llevo,0
decision,0
espere,0
necesario,0
entra,0
prisa,0
carajo,0
embargo,0
interesante,0
tendras,0
escuchar,0
abuela,0
hicieron,0
detective,0
horrible,0
suelo,0
fotos,0
carcel,0
mike,0
sientate,0
decia,0
intentando,0
vamonos,0
maldicion,0
silencio,0
muerta,0
capaz,0
salio,0
club,0
terminar,0
temo,0
broma,0
gobierno,0
prometo,0
camara,0
media,0
terrible,0
llamo,0
regalo,0
amable,0
dulce,0
muertos,0
querias,0
ataque,0
navidad,0
negocios,0
pudiera,0
ocho,0
avion,0
investigacion,0
acabo,0
juro,0
mantener,0
ejercito,0
papel,0
partes,0
gracioso,0
diria,0
principio,0
delante,0
teniente,0
deseo,0
vayas,0
nave,0
sale,0
basura,0
vine,0
contacto,0
esposo,0
tren,0
encontramos,0
dale,0
verdadero,0
tuya,0
alma,0
hazlo,0
disculpa,0
junto,0
anda,0
tendre,0
matrimonio,0
saberlo,0
locura,0
permiso,0
director,0
peligro,0
libertad,0
alegro,0
baja,0
tendremos,0
derecha,0
encuentra,0
pies,0
segunda,0
maravilloso,0
espacio,0
rato,0
abuelo,0
esperaba,0
mirando,0
salud,0
sorpresa,0
ninguno,0
miren,0
triste,0
pensado,0
maestro,0
segun,0
infierno,0
podrian,0
tipos,0
crimen,0
conocido,0
consejo,0
ante,0
iglesia,0
intento,0
mayoria,0
peter,0
hicimos,0
escena,0
piso,0
señal,0
honor,0
llamas,0
abre,0
cerebro,0
veras,0
viendo,0
pone,0
pregunto,0
cocina,0
vestido,0
inteligente,0
vieja,0
caballo,0
vienen,0
vidas,0
corte,0
sucedio,0
adentro,0
drogas,0
enseguida,0
busca,0
agradable,0
carne,0
parecia,0
departamento,0
lindo,0
duda,0
edificio,0
conocer,0
cargo,0
victima,0
luna,0
energia,0
frio,0
hablo,0
baile,0
trabaja,0
mision,0
listos,0
ayudarte,0
izquierda,0
paul,0
beber,0
deje,0
finalmente,0
simple,0
dare,0
sabias,0
puedas,0
puso,0
creia,0
regresar,0
llega,0
entender,0
mirar,0
sacar,0
cambiado,0
trae,0
hermoso,0
opinion,0
veras,0
linda,0
apenas,0
segundos,0
cerveza,0
haras,0
estuviera,0
creen,0
tendria,0
cuantos,0
hablado,0
hablamos,0
reina,0
temprano,0
tema,0
prision,0
porque,0
vuelva,0
publico,0
ocurrio,0
vere,0
salvar,0
partido,0
bonita,0
joder,0
causa,0
caliente,0
sargento,0
cenar,0
compañero,0
llevo,0
banco,0
existe,0
zona,0
destino,0
base,0
solia,0
cliente,0
irse,0
perra,0
james,0
encuentro,0
encontro,0
pelea,0
norte,0
quise,0
coronel,0
apuesto,0
peligroso,0
viva,0
vienes,0
necesitan,0
excepto,0
juicio,0
podamos,0
llave,0
equivocado,0
posicion,0
trasero,0
irnos,0
espalda,0
excelente,0
exito,0
modos,0
ventana,0
veamos,0
especie,0
teniamos,0
diferencia,0
formas,0
pedir,0
ultimos,0
escuchame,0
ejemplo,0
radio,0
calma,0
hogar,0
volvere,0
fondo,0
humano,0
henry,0
iremos,0
unidos,0
habian,0
jesus,0
planeta,0
verme,0
respecto,0
regreso,0
debido,0
sere,0
tenian,0
leer,0
parar,0
lleno,0
deje,0
respeto,0
debajo,0
harry,0
escribir,0
estacion,0
pidio,0
alta,0
pista,0
estrella,0
enfermo,0
duele,0
sueños,0
veremos,0
miles,0
darme,0
ordenes,0
ocupado,0
sigues,0
corre,0
podido,0
dejes,0
nivel,0
habeis,0
experiencia,0
darte,0
salida,0
decirlo,0
confiar,0
hacerte,0
necesitaba,0
hermanos,0
zapatos,0
color,0
vistazo,0
nena,0
tratar,0
parecer,0
juez,0
proximo,0
paciente,0
hayas,0
bolsa,0
arte,0
mary,0
jugando,0
llevas,0
alegra,0
bailar,0
diablo,0
sepa,0
estaras,0
banda,0
aprender,0
precio,0
completo,0
santo,0
culpable,0
ganas,0
tuvimos,0
verla,0
volvio,0
libros,0
seran,0
cielos,0
matado,0
azul,0
diferentes,0
irte,0
comandante,0
accion,0
reglas,0
obra,0
esperanza,0
cuestion,0
molesta,0
teniendo,0
bill,0
informe,0
jimmy,0
bienvenido,0
abrir,0
tocar,0
contar,0
sigo,0
interior,0
apartamento,0
estados,0
estais,0
preocupa,0
tomo,0
principal,0
empieza,0
londres,0
empezo,0
vayan,0
llaman,0
ojala,0
perdona,0
vuelvo,0
golpe,0
quedarme,0
llamare,0
acabado,0
estilo,0
nueve,0
definitivamente,0
quedar,0
cartas,0
bomba,0
guardia,0
pistola,0
probar,0
majestad,0
traer,0
marcha,0
pareces,0
comun,0
aquel,0
hacerle,0
vuelo,0
nota,0
danny,0
humanos,0
estaremos,0
valor,0
suyo,0
objetivo,0
repente,0
debia,0
rojo,0
bromeando,0
entrada,0
doble,0
dejare,0
evitar,0
maquina,0
cuello,0
conoci,0
tiempos,0
tome,0
nick,0
animales,0
alex,0
acaso,0
tuviera,0
pareja,0
verano,0
escuche,0
seras,0
mentira,0
tarjeta,0
hagan,0
perdi,0
correr,0
steve,0
traido,0
llegue,0
preparado,0
haberlo,0
tony,0
intentar,0
ayudarme,0
flores,0
dando,0
opcion,0
isla,0
cierra,0
piel,0
enemigo,0
dejo,0
exacto,0
imbecil,0
jovenes,0
pedido,0
larga,0
entiende,0
justicia,0
nuevos,0
obviamente,0
despierta,0
pido,0
calor,0
luces,0
refiero,0
fuimos,0
batalla,0
dejalo,0
intenta,0
sarah,0
fantastico,0
brazo,0
absolutamente,0
llena,0
hacerme,0
salga,0
recordar,0
escapar,0
bosque,0
señores,0
quedan,0
piernas,0
visita,0
paris,0
usando,0
ganado,0
movimiento,0
blanca,0
rico,0
inocente,0
pesar,0
absoluto,0
vacaciones,0
mismos,0
tomado,0
habias,0
planes,0
cine,0
toca,0
brillante,0
confianza,0
vuestra,0
nombres,0
especialmente,0
embarazada,0
esperen,0
pantalones,0
defensa,0
termino,0
salido,0
estupendo,0
jane,0
presion,0
inmediatamente,0
testigo,0
deberian,0
olvidado,0
soldados,0
resulta,0
tommy,0
depende,0
motivo,0
ingles,0
suya,0
estudio,0
acabar,0
sentimientos,0
tomando,0
dieron,0
parecen,0
llaves,0
perros,0
proposito,0
noticia,0
partir,0
vuestro,0
metros,0
santa,0
quedarse,0
clientes,0
podra,0
cuantas,0
ridiculo,0
damas,0
estuviste,0
tranquila,0
operacion,0
come,0
empresa,0
ayudame,0
laboratorio,0
eleccion,0
menudo,0
beso,0
copa,0
conversacion,0
brazos,0
espiritu,0
dejas,0
cansado,0
interesa,0
refieres,0
casado,0
enorme,0
asuntos,0
muestra,0
trampa,0
billy,0
memoria,0
johnny,0
contrario,0
soldado,0
subir,0
turno,0
encantaria,0
preocupado,0
restaurante,0
saliendo,0
escrito,0
calmate,0
bienvenida,0
caer,0
llevare,0
leche,0
estrellas,0
prefiero,0
viejos,0
solamente,0
oiga,0
esten,0
cuentas,0
taxi,0
anillo,0
richard,0
preguntar,0
victoria,0
quienes,0
heroe,0
pequeños,0
decidido,0
peliculas,0
responsable,0
trago,0
volvera,0
arbol,0
ibas,0
dientes,0
encantado,0
camion,0
vender,0
llame,0
detente,0
luchar,0
cabo,0
ruido,0
lucha,0
muere,0
reloj,0
gato,0
averiguar,0
volar,0
vayamos,0
tanta,0
vendra,0
corriendo,0
yendo,0
colegio,0
sonido,0
caballero,0
pasada,0
codigo,0
hagamos,0
imagen,0
riesgo,0
llegamos,0
alguno,0
millon,0
malas,0
dama,0
hielo,0
coño,0
cayo,0
prensa,0
querer,0
vengan,0
eddie,0
caminar,0
television,0
pasara,0
momentos,0
coger,0
posibilidad,0
hubiese,0
mark,0
asiento,0
tuviste,0
herido,0
maria,0
seguramente,0
proyecto,0
pared,0
senti,0
sospechoso,0
naturaleza,0
silla,0
perdio,0
robert,0
policias,0
arreglar,0
sentado,0
papi,0
ideas,0
obtener,0
felices,0
señoria,0
cantidad,0
bebe,0
mirame,0
chris,0
papa,0
llorar,0
quedo,0
familiar,0
desastre,0
locos,0
escuche,0
quedarte,0
politica,0
pedi,0
sois,0
nosotras,0
will,0
enfermedad,0
encontraron,0
colega,0
principe,0
verde,0
bajar,0
nervioso,0
vengo,0
inspector,0
sirve,0
puertas,0
fuerzas,0
playa,0
cantar,0
dejeme,0
velocidad,0
total,0
cabello,0
suficientemente,0
huellas,0
haberte,0
debi,0
unidad,0
estan,0
cuchillo,0
oigan,0
quienes,0
gana,0
tonterias,0
emergencia,0
perfecta,0
hable,0
gustaba,0
lugares,0
ryan,0
show,0
robo,0
permite,0
parque,0
uds,0
roto,0
serie,0
puse,0
nuevas,0
evidencia,0
conocerte,0
estupida,0
preocupe,0
perdone,0
botella,0
viento,0
mando,0
extraña,0
historias,0
aquella,0
teneis,0
solos,0
apoyo,0
bala,0
verdadera,0
tiro,0
epoca,0
puente,0
olvidalo,0
distancia,0
desea,0
dejarlo,0
pelear,0
pierna,0
echar,0
descanso,0
america,0
area,0
orgulloso,0
datos,0
espectaculo,0
sube,0
dejaste,0
acabas,0
vera,0
magia,0
nacional,0
universo,0
llevaba,0
necesitar,0
nariz,0
aquellos,0
clases,0
jake,0
casas,0
vergüenza,0
estaran,0
monstruo,0
princesa,0
autobus,0
cuidar,0
huevos,0
pocos,0
podras,0
enferma,0
paseo,0
detalles,0
llamadas,0
belleza,0
francia,0
abierto,0
viviendo,0
envio,0
puntos,0
ministro,0
conducir,0
aceptar,0
borracho,0
animal,0
caballos,0
trajo,0
contrato,0
viernes,0
bobby,0
martin,0
bienvenidos,0
hechos,0
sociedad,0
dra,0
tengan,0
quede,0
inglaterra,0
carga,0
diste,0
puto,0
lleve,0
presente,0
conocia,0
dedos,0
oferta,0
sentia,0
proteger,0
daniel,0
date,0
hiciera,0
hable,0
recibir,0
agradezco,0
robar,0
enamorado,0
sepas,0
oeste,0
herida,0
despacio,0
ayude,0
supe,0
directamente,0
inmediato,0
profesional,0
oscuro,0
mercado,0
cerdo,0
tardes,0
lider,0
grave,0
llegue,0
jurado,0
casos,0
acuerdas,0
desaparecido,0
debio,0
hubieras,0
ultimamente,0
piedra,0
eramos,0
hablo,0
charles,0
paga,0
secretos,0
digamos,0
intencion,0
humor,0
dura,0
dara,0
seguros,0
adam,0
angeles,0
querria,0
cerrar,0
conseguido,0
peso,0
victimas,0
asesinado,0
humana,0
directo,0
central,0
termina,0
compañeros,0
escuchado,0
contento,0
llevan,0
podre,0
oscuridad,0
actuar,0
siga,0
llevado,0
comenzo,0
regresa,0
privado,0
mirada,0
demonio,0
abierta,0
kevin,0
llamame,0
siguen,0
romper,0
cambia,0
fiscal,0
jardin,0
natural,0
gratis,0
cuesta,0
amenaza,0
marca,0
comenzar,0
ponte,0
medicina,0
podremos,0
tome,0
preciosa,0
sexual,0
acceso,0
necesidad,0
dueño,0
merece,0
rayos,0
mintiendo,0
tantas,0
imagino,0
fantasma,0
creerlo,0
llame,0
ponga,0
brian,0
pollo,0
varios,0
efecto,0
felicidad,0
espada,0
relaciones,0
entro,0
resultado,0
sombrero,0
menor,0
recibido,0
negra,0
habido,0
limpio,0
china,0
juegos,0
correo,0
confia,0
video,0
perfectamente,0
haran,0
teatro,0
dormido,0
local,0
quedado,0
lastima,0
calles,0
creeme,0
responsabilidad,0
busqueda,0
dedo,0
tonta,0
recuerdos,0
razones,0
escuchando,0
eric,0
elegir,0
amas,0
huele,0
almuerzo,0
cien,0
tantos,0
pago,0
normalmente,0
pastel,0
bastardo,0
cinta,0
pase,0
digame,0
anna,0
costa,0
levantate,0
llamando,0
cerrado,0
interes,0
enfermera,0
comienzo,0
olvide,0
fuese,0
militar,0
polvo,0
bella,0
quedo,0
kate,0
encontraste,0
voluntad,0
varias,0
teoria,0
roja,0
cuento,0
escenario,0
diario,0
propiedad,0
agujero,0
aspecto,0
campamento,0
descansar,0
matarme,0
metido,0
quiso,0
angel,0
enviar,0
impresionante,0
proceso,0
intentado,0
fuente,0
alcalde,0
ocurrido,0
malos,0
carretera,0
desaparecio,0
desayuno,0
debil,0
roma,0
sabido,0
comienza,0
tambien,0
intentarlo,0
miembro,0
perdiendo,0
hayan,0
fueras,0
resultados,0
jerry,0
mata,0
valiente,0
deber,0
pecho,0
gusto,0
oyes,0
thomas,0
periodico,0
mami,0
piensan,0
washington,0
cansada,0
limpiar,0
crear,0
explicar,0
robado,0
resolver,0
mate,0
guapo,0
continuar,0
sheriff,0
funcionar,0
extra,0
primo,0
manejar,0
primeros,0
acto,0
poniendo,0
numeros,0
kilometros,0
andy,0
llevara,0
rachel,0
niñas,0
premio,0
internet,0
harias,0
inutil,0
domingo,0
tomas,0
sensacion,0
alcohol,0
tercera,0
agentes,0
disculpas,0
antiguo,0
guapa,0
asustado,0
puedan,0
sexy,0
genio,0
recuperar,0
creemos,0
lengua,0
ladron,0
intente,0
examen,0
deprisa,0
montaña,0
durmiendo,0
disparar,0
entrenador,0
queso,0
entero,0
papeles,0
pones,0
modelo,0
futbol,0
detener,0
lados,0
miembros,0
sabado,0
pongo,0
mataron,0
vuelvas,0
talento,0
descubrir,0
gordo,0
tribunal,0
toque,0
hables,0
conocemos,0
haberme,0
dispuesto,0
tamaño,0
dejen,0
maravillosa,0
invitado,0
importantes,0
derechos,0
scott,0
declaracion,0
claramente,0
pacientes,0
perdida,0
iban,0
pudiste,0
profundo,0
aeropuerto,0
consigue,0
olvidar,0
gloria,0
olvides,0
volviendo,0
coge,0
llamaba,0
pete,0
tendran,0
instituto,0
disparo,0
encuentras,0
querian,0
hablemos,0
enviado,0
pertenece,0
sienta,0
penso,0
cadaver,0
gracia,0
doctora,0
escuchen,0
amante,0
temporada,0
cuerpos,0
amigas,0
larry,0
preguntaba,0
frances,0
mataste,0
techo,0
ibamos,0
proteccion,0
medicos,0
lisa,0
venganza,0
pensamos,0
walter,0
conto,0
discutir,0
comprendo,0
idiotas,0
enemigos,0
camisa,0
superior,0
criminal,0
preocupada,0
bote,0
escribio,0
llevamos,0
testigos,0
recoger,0
emily,0
truco,0
jason,0
original,0
pide,0
jeff,0
rosa,0
mama,0
negros,0
sobrevivir,0
rostro,0
credito,0
compartir,0
saca,0
iras,0
pequeñas,0
veia,0
empezando,0
registro,0
continua,0
grandioso,0
viniste,0
esquina,0
contado,0
tengamos,0
cientos,0
tormenta,0
relajate,0
sientese,0
chocolate,0
matt,0
pedazo,0
tomo,0
olor,0
ciencia,0
kelly,0
conexion,0
vieron,0
salon,0
sucio,0
firma,0
vimos,0
pidiendo,0
casarse,0
bebida,0
tercer,0
propios,0
fuertes,0
lluvia,0
recien,0
tomare,0
complicado,0
europa,0
toques,0
camaras,0
vision,0
llego,0
americano,0
diversion,0
parecio,0
libras,0
curso,0
disco,0
probable,0
precioso,0
tenia,0
lago,0
leido,0
consiguio,0
parecido,0
material,0
discurso,0
entera,0
corta,0
completa,0
decirles,0
lunes,0
efectivo,0
cura,0
antigua,0
hablan,0
juntas,0
william,0
cancer,0
funeral,0
jodido,0
dave,0
artista,0
favorito,0
guste,0
termine,0
entrevista,0
pintura,0
quieto,0
falso,0
india,0
corto,0
inteligencia,0
destruir,0
cargos,0
podias,0
mentiras,0
señoras,0
helado,0
felicidades,0
camioneta,0
mueve,0
aparte,0
rock,0
tumba,0
seguimos,0
hablaba,0
verle,0
mapa,0
tarea,0
cambio,0
movil,0
equivocada,0
responder,0
vacio,0
felicitaciones,0
computadora,0
estudiante,0
muriendo,0
construir,0
conocen,0
clara,0
solucion,0
mundial,0
plato,0
famoso,0
dira,0
ambas,0
tecnologia,0
notas,0
malditos,0
cabron,0
condiciones,0
dudo,0
robo,0
escucho,0
laura,0
rapidamente,0
bordo,0
nieve,0
mensajes,0
fecha,0
violencia,0
sujeto,0
acciones,0
fria,0
droga,0
saldra,0
suponia,0
empezamos,0
errores,0
grace,0
siglo,0
molesto,0
acabamos,0
sabeis,0
cortar,0
seria,0
muevas,0
fortuna,0
imaginar,0
archivos,0
presencia,0
familias,0
quedas,0
solas,0
oficiales,0
aventura,0
gira,0
social,0
comunidad,0
annie,0
alan,0
cero,0
clark,0
esperamos,0
ocupada,0
muevete,0
convertido,0
carl,0
pieza,0
estomago,0
disparo,0
legal,0
consegui,0
emma,0
carter,0
california,0
rara,0
estudiantes,0
reino,0
alegria,0
barrio,0
granja,0
podeis,0
esfuerzo,0
trabajaba,0
claire,0
perdoname,0
tesoro,0
empleo,0
compre,0
cirugia,0
dejamos,0
busco,0
trabajas,0
clave,0
aparentemente,0
bravo,0
desearia,0
cerrada,0
chicago,0
controlar,0
pregunte,0
mostrar,0
piloto,0
pocas,0
tuvieron,0
ayudarle,0
bolso,0
llorando,0
kyle,0
duerme,0
dejarme,0
intento,0
respirar,0
aparece,0
campaña,0
amistad,0
corriente,0
viven,0
huesos,0
invitados,0
planta,0
ritmo,0
respuestas,0
socio,0
esperas,0
caido,0
motor,0
mono,0
llevaron,0
pagina,0
poquito,0
habiamos,0
encontraremos,0
ruego,0
dejan,0
aburrido,0
paquete,0
casada,0
llevarte,0
combate,0
util,0
castillo,0
bola,0
canciones,0
matare,0
muchisimo,0
asistente,0
llegaron,0
correcta,0
pondre,0
simon,0
comido,0
salgan,0
empece,0
tirar,0
pasan,0
cierta,0
honesto,0
carro,0
limpia,0
volvi,0
confio,0
venta,0
huir,0
aparecio,0
vais,0
compromiso,0
gustas,0
aseguro,0
promesa,0
decirselo,0
cuales,0
compras,0
importancia,0
leccion,0
hablare,0
hacerse,0
personalmente,0
roger,0
luke,0
bolsillo,0
enojado,0
desgracia,0
articulo,0
labios,0
cola,0
estemos,0
whisky,0
taza,0
despues,0
gary,0
preguntarte,0
pelota,0
caminando,0
andar,0
crea,0
chaqueta,0
importaria,0
llegara,0
interesado,0
atrapado,0
supiera,0
matarlo,0
arboles,0
obvio,0
amaba,0
hablaremos,0
entrenamiento,0
pescado,0
ultimas,0
pobres,0
dioses,0
nerviosa,0
vueltas,0
encontrarlo,0
autos,0
alice,0
preguntarle,0
lucy,0
abrigo,0
okay,0
estudiar,0
sonrisa,0
cobarde,0
olvida,0
secundaria,0
descubierto,0
convirtio,0
coches,0
venia,0
josh,0
charla,0
vives,0
bruja,0
celular,0
rose,0
rompio,0
andando,0
vean,0
conseguiste,0
susan,0
veinte,0
encargo,0
matarte,0
palacio,0
convierte,0
vivos,0
pasamos,0
firme,0
daria,0
piense,0
oigo,0
phil,0
sorprende,0
alemanes,0
milagro,0
soportar,0
dejaron,0
smith,0
disculpen,0
moda,0
despacho,0
vecinos,0
vaso,0
dejarte,0
explosion,0
poderes,0
regla,0
acaban,0
copia,0
siguiendo,0
viajar,0
cadena,0
fabrica,0
mantiene,0
meter,0
contenta,0
comiendo,0
educacion,0
maneras,0
fumar,0
encantador,0
cuantos,0
homicidio,0
madera,0
mayores,0
grado,0
tratamiento,0
blancos,0
lord,0
anterior,0
comisario,0
pizza,0
millas,0
tira,0
fueran,0
cumplir,0
plata,0
quedara,0
quedare,0
alejate,0
decidir,0
pregunto,0
agencia,0
humanidad,0
usado,0
guardias,0
parada,0
leyes,0
funciono,0
odia,0
levanta,0
mires,0
respira,0
escaleras,0
decisiones,0
quereis,0
salvaje,0
preguntando,0
pasos,0
ambulancia,0
traduccion,0
trabajado,0
basicamente,0
tratado,0
parado,0
especiales,0
mentiroso,0
libres,0
servicios,0
pedirle,0
vivia,0
medios,0
compra,0
conocimiento,0
armario,0
lobo,0
quedamos,0
ciertamente,0
permitir,0
trafico,0
uniforme,0
estuvimos,0
alemania,0
suave,0
propias,0
balas,0
asqueroso,0
ciento,0
invierno,0
consigo,0
encuentre,0
jenny,0
conductor,0
equipos,0
arena,0
park,0
licencia,0
tios,0
jackson,0
dijera,0
espejo,0
marina,0
matando,0
seres,0
fiestas,0
mover,0
coincidencia,0
analisis,0
llegando,0
azucar,0
casar,0
sotano,0
volvamos,0
sabra,0
taylor,0
ocasion,0
cheque,0
revisar,0
ponerme,0
suceder,0
acusado,0
dimelo,0
quede,0
conciencia,0
pesadilla,0
sopa,0
saltar,0
heridas,0
pienses,0
suicidio,0
llamarme,0
posibilidades,0
elegido,0
divorcio,0
registros,0
recibi,0
joey,0
escuchas,0
mirad,0
pierde,0
abogados,0
trataba,0
americanos,0
llevando,0
miel,0
regrese,0
dilo,0
hermanas,0
aleman,0
iria,0
lady,0
sali,0
particular,0
miras,0
frontera,0
ventaja,0
alerta,0
piscina,0
regalos,0
comportamiento,0
julia,0
señales,0
salimos,0
revista,0
hecha,0
imagenes,0
llegas,0
rapida,0
canal,0
paciencia,0
sacado,0
echo,0
crisis,0
asesinos,0
oiste,0
dejando,0
estarias,0
anteriormente,0
vigilancia,0
desierto,0
asustada,0
cuerda,0
mios,0
chuck,0
seguido,0
seremos,0
morgan,0
pene,0
despierto,0
gobernador,0
seccion,0
that,1
this,1
with,1
from,1
your,1
have,1
more,1
will,1
home,1
about,1
page,1
search,1
free,1
other,1
information,1
time,1
they,1
site,1
what,1
which,1
their,1
news,1
there,1
only,1
when,1
contact,1
here,1
business,1
also,1
help,1
view,1
online,1
first,1
been,1
would,1
were,1
services,1
some,1
these,1
click,1
like,1
service,1
than,1
find,1
price,1
date,1
back,1
people,1
list,1
name,1
just,1
over,1
state,1
year,1
into,1
email,1
health,1
world,1
next,1
used,1
work,1
last,1
most,1
products,1
music,1
data,1
make,1
them,1
should,1
product,1
system,1
post,1
city,1
policy,1
number,1
such,1
please,1
available,1
copyright,1
support,1
message,1
after,1
best,1
software,1
then,1
good,1
video,1
well,1
where,1
info,1
rights,1
public,1
books,1
high,1
school,1
through,1
each,1
links,1
review,1
years,1
order,1
very,1
privacy,1
book,1
items,1
company,1
read,1
group,1
need,1
many,1
user,1
said,1
does,1
under,1
general,1
research,1
university,1
january,1
mail,1
full,1
reviews,1
program,1
life,1
know,1
games,1
days,1
management,1
part,1
could,1
great,1
united,1
hotel,1
real,1
item,1
international,1
center,1
ebay,1
must,1
store,1
travel,1
comments,1
made,1
development,1
report,1
member,1
details,1
line,1
terms,1
before,1
hotels,1
send,1
right,1
type,1
because,1
local,1
those,1
using,1
results,1
office,1
education,1
national,1
design,1
take,1
posted,1
internet,1
address,1
community,1
within,1
states,1
area,1
want,1
phone,1
shipping,1
reserved,1
subject,1
between,1
forum,1
family,1
long,1
based,1
code,1
show,1
even,1
black,1
check,1
special,1
prices,1
website,1
index,1
being,1
women,1
much,1
sign,1
file,1
link,1
open,1
today,1
technology,1
south,1
case,1
project,1
same,1
pages,1
version,1
section,1
found,1
sports,1
house,1
related,1
security,1
both,1
county,1
american,1
photo,1
game,1
members,1
power,1
while,1
care,1
network,1
down,1
computer,1
systems,1
three,1
total,1
place,1
following,1
download,1
without,1
access,1
think,1
north,1
resources,1
current,1
posts,1
media,1
control,1
water,1
history,1
pictures,1
size,1
personal,1
since,1
including,1
guide,1
shop,1
directory,1
board,1
location,1
change,1
white,1
text,1
small,1
rating,1
rate,1
government,1
children,1
during,1
return,1
students,1
shopping,1
account,1
times,1
sites,1
level,1
digital,1
profile,1
previous,1
form,1
events,1
love,1
john,1
main,1
call,1
hours,1
image,1
department,1
title,1
description,1
insurance,1
another,1
shall,1
property,1
class,1
still,1
money,1
quality,1
every,1
listing,1
content,1
country,1
private,1
little,1
visit,1
save,1
tools,1
reply,1
customer,1
december,1
compare,1
movies,1
include,1
college,1
value,1
article,1
york,1
card,1
jobs,1
provide,1
food,1
source,1
author,1
different,1
press,1
learn,1
sale,1
around,1
print,1
course,1
canada,1
process,1
teen,1
room,1
stock,1
training,1
credit,1
point,1
join,1
science,1
categories,1
advanced,1
west,1
sales,1
look,1
english,1
left,1
team,1
estate,1
conditions,1
select,1
windows,1
photos,1
thread,1
week,1
category,1
note,1
live,1
large,1
gallery,1
table,1
register,1
however,1
june,1
october,1
november,1
market,1
library,1
really,1
action,1
start,1
series,1
model,1
features,1
industry,1
plan,1
human,1
provided,1
required,1
second,1
accessories,1
cost,1
movie,1
forums,1
march,1
september,1
better,1
questions,1
july,1
yahoo,1
going,1
medical,1
test,1
friend,1
come,1
server,1
study,1
application,1
cart,1
staff,1
articles,1
feedback,1
again,1
play,1
looking,1
issues,1
april,1
never,1
users,1
complete,1
street,1
topic,1
comment,1
financial,1
things,1
working,1
against,1
standard,1
person,1
below,1
mobile,1
less,1
blog,1
party,1
payment,1
equipment,1
login,1
student,1
programs,1
offers,1
legal,1
above,1
recent,1
park,1
stores,1
side,1
problem,1
give,1
memory,1
performance,1
social,1
august,1
quote,1
language,1
story,1
sell,1
options,1
experience,1
rates,1
create,1
body,1
young,1
america,1
important,1
field,1
east,1
paper,1
single,1
activities,1
club,1
example,1
girls,1
additional,1
password,1
latest,1
something,1
road,1
gift,1
question,1
changes,1
night,1
hard,1
texas,1
four,1
poker,1
status,1
browse,1
issue,1
range,1
building,1
seller,1
court,1
february,1
always,1
result,1
audio,1
light,1
write,1
offer,1
blue,1
groups,1
easy,1
given,1
files,1
event,1
release,1
analysis,1
request,1
china,1
making,1
picture,1
needs,1
possible,1
might,1
professional,1
month,1
major,1
star,1
areas,1
future,1
space,1
committee,1
hand,1
cards,1
problems,1
london,1
washington,1
meeting,1
become,1
interest,1
child,1
keep,1
enter,1
california,1
porn,1
share,1
similar,1
garden,1
schools,1
million,1
added,1
reference,1
companies,1
listed,1
baby,1
learning,1
energy,1
delivery,1
popular,1
term,1
film,1
stories,1
computers,1
journal,1
reports,1
welcome,1
central,1
images,1
president,1
notice,1
original,1
head,1
radio,1
until,1
cell,1
color,1
self,1
council,1
away,1
includes,1
track,1
australia,1
discussion,1
archive,1
once,1
others,1
entertainment,1
agreement,1
format,1
least,1
society,1
months,1
safety,1
friends,1
sure,1
trade,1
edition,1
cars,1
messages,1
marketing,1
tell,1
further,1
updated,1
association,1
able,1
having,1
provides,1
david,1
already,1
green,1
studies,1
close,1
common,1
drive,1
specific,1
several,1
gold,1
living,1
collection,1
called,1
short,1
arts,1
display,1
limited,1
powered,1
solutions,1
means,1
director,1
daily,1
beach,1
past,1
natural,1
whether,1
electronics,1
five,1
upon,1
period,1
planning,1
database,1
says,1
official,1
weather,1
land,1
average,1
done,1
technical,1
window,1
france,1
region,1
island,1
record,1
direct,1
microsoft,1
conference,1
environment,1
records,1
district,1
calendar,1
costs,1
style,1
front,1
statement,1
update,1
parts,1
ever,1
downloads,1
early,1
miles,1
sound,1
resource,1
present,1
applications,1
either,1
document,1
word,1
works,1
material,1
bill,1
written,1
talk,1
federal,1
hosting,1
rules,1
final,1
adult,1
tickets,1
thing,1
centre,1
requirements,1
cheap,1
nude,1
kids,1
finance,1
true,1
minutes,1
else,1
mark,1
third,1
rock,1
gifts,1
europe,1
reading,1
topics,1
individual,1
tips,1
plus,1
auto,1
cover,1
usually,1
edit,1
together,1
videos,1
percent,1
fast,1
function,1
fact,1
unit,1
getting,1
global,1
tech,1
meet,1
economic,1
player,1
projects,1
lyrics,1
often,1
subscribe,1
submit,1
germany,1
amount,1
watch,1
included,1
feel,1
though,1
bank,1
risk,1
thanks,1
everything,1
deals,1
various,1
words,1
linux,1
production,1
commercial,1
james,1
weight,1
town,1
heart,1
advertising,1
received,1
choose,1
treatment,1
newsletter,1
archives,1
points,1
knowledge,1
magazine,1
error,1
camera,1
girl,1
currently,1
construction,1
toys,1
registered,1
clear,1
golf,1
receive,1
domain,1
methods,1
chapter,1
makes,1
protection,1
policies,1
loan,1
wide,1
beauty,1
manager,1
india,1
position,1
taken,1
sort,1
listings,1
models,1
michael,1
known,1
half,1
cases,1
step,1
engineering,1
florida,1
simple,1
quick,1
none,1
wireless,1
license,1
paul,1
friday,1
lake,1
whole,1
annual,1
published,1
later,1
basic,1
sony,1
shows,1
corporate,1
google,1
church,1
method,1
purchase,1
customers,1
active,1
response,1
practice,1
hardware,1
figure,1
materials,1
fire,1
holiday,1
chat,1
enough,1
designed,1
along,1
among,1
death,1
writing,1
speed,1
html,1
countries,1
loss,1
face,1
brand,1
discount,1
higher,1
effects,1
created,1
remember,1
standards,1
yellow,1
political,1
increase,1
advertise,1
kingdom,1
base,1
near,1
environmental,1
thought,1
stuff,1
french,1
storage,1
japan,1
doing,1
loans,1
shoes,1
entry,1
stay,1
nature,1
orders,1
availability,1
africa,1
summary,1
turn,1
mean,1
growth,1
notes,1
agency,1
king,1
monday,1
european,1
activity,1
copy,1
although,1
drug,1
pics,1
western,1
income,1
force,1
cash,1
employment,1
overall,1
river,1
commission,1
package,1
contents,1
seen,1
players,1
engine,1
port,1
album,1
regional,1
stop,1
supplies,1
started,1
administration,1
institute,1
views,1
plans,1
double,1
build,1
screen,1
exchange,1
types,1
soon,1
sponsored,1
lines,1
electronic,1
continue,1
across,1
benefits,1
needed,1
season,1
apply,1
someone,1
held,1
anything,1
printer,1
condition,1
effective,1
believe,1
organization,1
effect,1
asked,1
mind,1
sunday,1
selection,1
casino,1
lost,1
tour,1
menu,1
volume,1
cross,1
anyone,1
mortgage,1
hope,1
silver,1
corporation,1
wish,1
inside,1
solution,1
mature,1
role,1
rather,1
weeks,1
addition,1
came,1
supply,1
nothing,1
certain,1
executive,1
running,1
lower,1
necessary,1
union,1
jewelry,1
according,1
clothing,1
particular,1
fine,1
names,1
robert,1
homepage,1
hour,1
skills,1
bush,1
islands,1
advice,1
career,1
military,1
rental,1
decision,1
leave,1
british,1
teens,1
huge,1
woman,1
facilities,1
kind,1
sellers,1
middle,1
move,1
cable,1
opportunities,1
taking,1
values,1
division,1
coming,1
tuesday,1
object,1
lesbian,1
appropriate,1
machine,1
logo,1
length,1
actually,1
nice,1
score,1
statistics,1
client,1
returns,1
capital,1
follow,1
sample,1
investment,1
sent,1
shown,1
saturday,1
christmas,1
england,1
culture,1
band,1
flash,1
lead,1
george,1
choice,1
went,1
starting,1
registration,1
thursday,1
courses,1
consumer,1
airport,1
foreign,1
artist,1
outside,1
furniture,1
levels,1
channel,1
letter,1
mode,1
phones,1
ideas,1
wednesday,1
structure,1
fund,1
summer,1
allow,1
degree,1
contract,1
button,1
releases,1
homes,1
super,1
male,1
matter,1
custom,1
virginia,1
almost,1
took,1
located,1
multiple,1
asian,1
distribution,1
editor,1
industrial,1
cause,1
potential,1
song,1
cnet,1
focus,1
late,1
fall,1
featured,1
idea,1
rooms,1
female,1
responsible,1
communications,1
associated,1
thomas,1
primary,1
cancer,1
numbers,1
reason,1
tool,1
browser,1
spring,1
foundation,1
answer,1
voice,1
friendly,1
schedule,1
documents,1
communication,1
purpose,1
feature,1
comes,1
police,1
everyone,1
independent,1
approach,1
cameras,1
brown,1
physical,1
operating,1
hill,1
maps,1
medicine,1
deal,1
hold,1
ratings,1
chicago,1
forms,1
glass,1
happy,1
smith,1
wanted,1
developed,1
thank,1
safe,1
unique,1
survey,1
prior,1
telephone,1
sport,1
ready,1
feed,1
animal,1
sources,1
mexico,1
population,1
regular,1
secure,1
navigation,1
operations,1
therefore,1
simply,1
evidence,1
station,1
christian,1
round,1
paypal,1
favorite,1
understand,1
option,1
master,1
valley,1
recently,1
probably,1
rentals,1
built,1
publications,1
blood,1
worldwide,1
improve,1
connection,1
publisher,1
hall,1
larger,1
anti,1
networks,1
earth,1
parents,1
nokia,1
impact,1
transfer,1
introduction,1
kitchen,1
strong,1
carolina,1
wedding,1
properties,1
hospital,1
ground,1
overview,1
ship,1
accommodation,1
owners,1
disease,1
excellent,1
paid,1
italy,1
perfect,1
hair,1
opportunity,1
classic,1
basis,1
command,1
cities,1
william,1
express,1
anal,1
award,1
distance,1
tree,1
peter,1
assessment,1
ensure,1
thus,1
wall,1
involved,1
extra,1
especially,1
interface,1
pussy,1
partners,1
budget,1
rated,1
guides,1
success,1
maximum,1
operation,1
existing,1
quite,1
selected,1
amazon,1
patients,1
restaurants,1
beautiful,1
warning,1
wine,1
locations,1
horse,1
vote,1
forward,1
flowers,1
stars,1
significant,1
lists,1
technologies,1
owner,1
retail,1
animals,1
useful,1
directly,1
manufacturer,1
ways,1
providing,1
rule,1
housing,1
takes,1
bring,1
catalog,1
searches,1
trying,1
mother,1
authority,1
considered,1
told,1
traffic,1
programme,1
joined,1
input,1
strategy,1
feet,1
agent,1
valid,1
modern,1
senior,1
ireland,1
sexy,1
teaching,1
door,1
grand,1
testing,1
trial,1
charge,1
units,1
instead,1
canadian,1
cool,1
normal,1
wrote,1
enterprise,1
ships,1
entire,1
educational,1
leading,1
metal,1
positive,1
fitness,1
chinese,1
opinion,1
asia,1
football,1
abstract,1
uses,1
output,1
funds,1
greater,1
likely,1
develop,1
employees,1
artists,1
alternative,1
processing,1
responsibility,1
resolution,1
java,1
guest,1
seems,1
publication,1
pass,1
relations,1
trust,1
contains,1
session,1
multi,1
photography,1
republic,1
fees,1
components,1
vacation,1
century,1
academic,1
assistance,1
completed,1
skin,1
graphics,1
indian,1
prev,1
mary,1
expected,1
ring,1
grade,1
dating,1
pacific,1
mountain,1
organizations,1
filter,1
mailing,1
vehicle,1
longer,1
consider,1
northern,1
behind,1
panel,1
floor,1
german,1
buying,1
match,1
proposed,1
default,1
require,1
iraq,1
boys,1
outdoor,1
deep,1
morning,1
otherwise,1
allows,1
rest,1
protein,1
plant,1
reported,1
transportation,1
pool,1
mini,1
politics,1
partner,1
disclaimer,1
authors,1
boards,1
faculty,1
parties,1
fish,1
membership,1
mission,1
string,1
sense,1
modified,1
pack,1
released,1
stage,1
internal,1
goods,1
recommended,1
born,1
unless,1
richard,1
detailed,1
japanese,1
race,1
approved,1
background,1
target,1
except,1
character,1
maintenance,1
ability,1
maybe,1
functions,1
moving,1
brands,1
places,1
pretty,1
trademarks,1
phentermine,1
spain,1
southern,1
yourself,1
winter,1
rape,1
battery,1
youth,1
pressure,1
submitted,1
boston,1
incest,1
debt,1
keywords,1
medium,1
television,1
interested,1
core,1
break,1
purposes,1
throughout,1
sets,1
dance,1
wood,1
itself,1
defined,1
papers,1
playing,1
awards,1
studio,1
reader,1
virtual,1
device,1
established,1
answers,1
rent,1
remote,1
dark,1
programming,1
external,1
apple,1
regarding,1
instructions,1
offered,1
theory,1
enjoy,1
remove,1
surface,1
minimum,1
visual,1
host,1
variety,1
teachers,1
isbn,1
martin,1
manual,1
block,1
subjects,1
agents,1
increased,1
repair,1
fair,1
civil,1
steel,1
understanding,1
songs,1
fixed,1
wrong,1
beginning,1
hands,1
associates,1
finally,1
updates,1
desktop,1
classes,1
paris,1
ohio,1
gets,1
sector,1
capacity,1
requires,1
jersey,1
fully,1
father,1
electric,1
instruments,1
quotes,1
officer,1
driver,1
businesses,1
dead,1
respect,1
unknown,1
specified,1
restaurant,1
mike,1
trip,1
worth,1
procedures,1
poor,1
teacher,1
eyes,1
relationship,1
workers,1
farm,1
fucking,1
georgia,1
peace,1
traditional,1
campus,1
showing,1
creative,1
coast,1
benefit,1
progress,1
funding,1
devices,1
lord,1
grant,1
agree,1
fiction,1
hear,1
sometimes,1
watches,1
careers,1
beyond,1
goes,1
families,1
museum,1
themselves,1
transport,1
interesting,1
blogs,1
wife,1
evaluation,1
accepted,1
former,1
implementation,1
hits,1
zone,1
complex,1
galleries,1
references,1
presented,1
jack,1
flat,1
flow,1
agencies,1
literature,1
respective,1
parent,1
spanish,1
michigan,1
columbia,1
setting,1
scale,1
stand,1
economy,1
highest,1
helpful,1
monthly,1
critical,1
frame,1
musical,1
definition,1
secretary,1
angeles,1
networking,1
path,1
australian,1
employee,1
chief,1
gives,1
bottom,1
magazines,1
packages,1
detail,1
francisco,1
laws,1
changed,1
heard,1
begin,1
individuals,1
colorado,1
royal,1
clean,1
switch,1
russian,1
largest,1
african,1
titles,1
relevant,1
guidelines,1
justice,1
connect,1
bible,1
basket,1
applied,1
weekly,1
installation,1
described,1
demand,1
suite,1
vegas,1
square,1
chris,1
attention,1
advance,1
skip,1
diet,1
army,1
auction,1
gear,1
difference,1
allowed,1
correct,1
charles,1
nation,1
selling,1
lots,1
piece,1
sheet,1
firm,1
seven,1
older,1
illinois,1
regulations,1
elements,1
species,1
jump,1
cells,1
module,1
resort,1
facility,1
random,1
pricing,1
dvds,1
certificate,1
minister,1
motion,1
looks,1
fashion,1
directions,1
visitors,1
documentation,1
monitor,1
trading,1
forest,1
calls,1
whose,1
coverage,1
couple,1
giving,1
chance,1
vision,1
ball,1
ending,1
clients,1
actions,1
listen,1
discuss,1
accept,1
automotive,1
naked,1
goal,1
successful,1
sold,1
wind,1
communities,1
clinical,1
situation,1
sciences,1
markets,1
lowest,1
highly,1
publishing,1
appear,1
emergency,1
developing,1
lives,1
currency,1
leather,1
determine,1
milf,1
temperature,1
palm,1
announcements,1
patient,1
actual,1
historical,1
stone,1
commerce,1
ringtones,1
perhaps,1
persons,1
difficult,1
scientific,1
satellite,1
tests,1
village,1
accounts,1
amateur,1
pain,1
xbox,1
particularly,1
factors,1
coffee,1
settings,1
buyer,1
cultural,1
steve,1
easily,1
oral,1
ford,1
poster,1
edge,1
functional,1
root,1
closed,1
holidays,1
pink,1
zealand,1
balance,1
monitoring,1
graduate,1
replies,1
shot,1
architecture,1
initial,1
label,1
thinking,1
scott,1
recommend,1
canon,1
hardcore,1
league,1
waste,1
minute,1
provider,1
optional,1
dictionary,1
cold,1
accounting,1
manufacturing,1
sections,1
chair,1
fishing,1
effort,1
phase,1
fields,1
fantasy,1
letters,1
motor,1
professor,1
context,1
install,1
shirt,1
apparel,1
generally,1
continued,1
foot,1
mass,1
crime,1
count,1
breast,1
techniques,1
johnson,1
quickly,1
dollars,1
websites,1
religion,1
claim,1
driving,1
permission,1
surgery,1
patch,1
heat,1
wild,1
measures,1
generation,1
kansas,1
miss,1
chemical,1
doctor,1
task,1
reduce,1
brought,1
himself,1
component,1
enable,1
exercise,1
santa,1
guarantee,1
leader,1
diamond,1
israel,1
processes,1
soft,1
servers,1
alone,1
meetings,1
seconds,1
jones,1
arizona,1
keyword,1
interests,1
flight,1
congress,1
fuel,1
username,1
walk,1
fuck,1
produced,1
italian,1
paperback,1
classifieds,1
wait,1
supported,1
pocket,1
saint,1
rose,1
freedom,1
argument,1
competition,1
creating,1
drugs,1
joint,1
premium,1
providers,1
fresh,1
characters,1
attorney,1
upgrade,1
factor,1
growing,1
thousands,1
stream,1
apartments,1
pick,1
hearing,1
eastern,1
auctions,1
therapy,1
entries,1
dates,1
generated,1
signed,1
upper,1
administrative,1
serious,1
prime,1
samsung,1
limit,1
began,1
louis,1
steps,1
errors,1
shops,1
bondage,1
efforts,1
informed,1
thoughts,1
creek,1
worked,1
quantity,1
urban,1
practices,1
sorted,1
reporting,1
essential,1
myself,1
tours,1
platform,1
load,1
affiliate,1
labor,1
immediately,1
admin,1
nursing,1
defense,1
machines,1
designated,1
tags,1
heavy,1
covered,1
recovery,1
guys,1
integrated,1
configuration,1
cock,1
merchant,1
comprehensive,1
expert,1
universal,1
protect,1
drop,1
solid,1
presentation,1
languages,1
became,1
orange,1
compliance,1
vehicles,1
prevent,1
theme,1
rich,1
campaign,1
marine,1
improvement,1
guitar,1
finding,1
pennsylvania,1
examples,1
ipod,1
saying,1
spirit,1
claims,1
porno,1
challenge,1
motorola,1
acceptance,1
strategies,1
seem,1
affairs,1
touch,1
intended,1
towards,1
goals,1
hire,1
election,1
suggest,1
branch,1
charges,1
serve,1
affiliates,1
reasons,1
magic,1
mount,1
smart,1
talking,1
gave,1
ones,1
latin,1
multimedia,1
tits,1
avoid,1
certified,1
manage,1
corner,1
rank,1
computing,1
oregon,1
element,1
birth,1
virus,1
abuse,1
interactive,1
requests,1
separate,1
quarter,1
procedure,1
leadership,1
tables,1
define,1
racing,1
religious,1
facts,1
breakfast,1
kong,1
column,1
plants,1
faith,1
chain,1
developer,1
identify,1
avenue,1
missing,1
died,1
approximately,1
domestic,1
sitemap,1
recommendations,1
moved,1
houston,1
reach,1
comparison,1
mental,1
viewed,1
moment,1
extended,1
sequence,1
inch,1
attack,1
sorry,1
centers,1
opening,1
damage,1
reserve,1
recipes,1
gamma,1
plastic,1
produce,1
snow,1
placed,1
truth,1
counter,1
failure,1
follows,1
weekend,1
dollar,1
camp,1
ontario,1
automatically,1
minnesota,1
films,1
bridge,1
native,1
fill,1
williams,1
movement,1
printing,1
baseball,1
owned,1
approval,1
draft,1
chart,1
played,1
contacts,1
jesus,1
readers,1
clubs,1
jackson,1
equal,1
adventure,1
matching,1
offering,1
shirts,1
profit,1
leaders,1
posters,1
institutions,1
assistant,1
variable,1
advertisement,1
expect,1
parking,1
headlines,1
yesterday,1
compared,1
determined,1
wholesale,1
workshop,1
russia,1
gone,1
codes,1
kinds,1
extension,1
seattle,1
statements,1
golden,1
completely,1
teams,1
fort,1
lighting,1
senate,1
forces,1
funny,1
brother,1
gene,1
turned,1
portable,1
tried,1
electrical,1
applicable,1
disc,1
returned,1
pattern,1
hentai,1
boat,1
named,1
theatre,1
laser,1
earlier,1
manufacturers,1
sponsor,1
classical,1
icon,1
warranty,1
dedicated,1
indiana,1
direction,1
harry,1
basketball,1
objects,1
ends,1
delete,1
evening,1
assembly,1
nuclear,1
taxes,1
mouse,1
signal,1
criminal,1
issued,1
brain,1
sexual,1
wisconsin,1
powerful,1
dream,1
obtained,1
false,1
cast,1
flower,1
felt,1
personnel,1
passed,1
supplied,1
identified,1
falls,1
soul,1
aids,1
opinions,1
promote,1
stated,1
stats,1
hawaii,1
professionals,1
appears,1
carry,1
flag,1
decided,1
covers,1
advantage,1
hello,1
designs,1
maintain,1
tourism,1
priority,1
newsletters,1
adults,1
clips,1
savings,1
graphic,1
atom,1
payments,1
estimated,1
binding,1
brief,1
ended,1
winning,1
eight,1
anonymous,1
iron,1
straight,1
script,1
served,1
wants,1
miscellaneous,1
prepared,1
void,1
dining,1
alert,1
integration,1
atlanta,1
dakota,1
interview,1
framework,1
disk,1
installed,1
queen,1
credits,1
clearly,1
handle,1
sweet,1
desk,1
criteria,1
pubmed,1
dave,1
massachusetts,1
diego,1
hong,1
vice,1
associate,1
truck,1
behavior,1
enlarge,1
frequently,1
revenue,1
measure,1
changing,1
votes,1
duty,1
looked,1
discussions,1
bear,1
gain,1
festival,1
laboratory,1
ocean,1
flights,1
experts,1
signs,1
lack,1
depth,1
iowa,1
whatever,1
logged,1
laptop,1
vintage,1
train,1
exactly,1
explore,1
maryland,1
concept,1
nearly,1
eligible,1
checkout,1
reality,1
forgot,1
handling,1
origin,1
knew,1
gaming,1
feeds,1
billion,1
destination,1
scotland,1
faster,1
intelligence,1
dallas,1
bought,1
nations,1
route,1
followed,1
specifications,1
broken,1
tripadvisor,1
frank,1
alaska,1
zoom,1
blow,1
battle,1
residential,1
anime,1
speak,1
decisions,1
industries,1
protocol,1
query,1
clip,1
partnership,1
editorial,1
expression,1
equity,1
provisions,1
speech,1
wire,1
principles,1
suggestions,1
rural,1
shared,1
sounds,1
replacement,1
tape,1
strategic,1
judge,1
spam,1
economics,1
acid,1
bytes,1
cent,1
forced,1
compatible,1
fight,1
apartment,1
height,1
zero,1
speaker,1
filed,1
netherlands,1
obtain,1
consulting,1
recreation,1
offices,1
designer,1
remain,1
managed,1
failed,1
marriage,1
roll,1
korea,1
banks,1
participants,1
secret,1
bath,1
kelly,1
leads,1
negative,1
austin,1
favorites,1
toronto,1
theater,1
springs,1
missouri,1
andrew,1
perform,1
healthy,1
translation,1
estimates,1
font,1
assets,1
injury,1
joseph,1
ministry,1
drivers,1
lawyer,1
figures,1
married,1
protected,1
proposal,1
sharing,1
philadelphia,1
portal,1
waiting,1
birthday,1
beta,1
fail,1
gratis,1
banking,1
officials,1
brian,1
toward,1
slightly,1
assist,1
conduct,1
contained,1
lingerie,1
shemale,1
legislation,1
calling,1
parameters,1
jazz,1
serving,1
bags,1
profiles,1
miami,1
comics,1
matters,1
houses,1
postal,1
relationships,1
tennessee,1
wear,1
controls,1
breaking,1
combined,1
ultimate,1
wales,1
representative,1
frequency,1
introduced,1
minor,1
finish,1
departments,1
residents,1
noted,1
displayed,1
reduced,1
physics,1
rare,1
spent,1
performed,1
extreme,1
samples,1
davis,1
daniel,1
bars,1
reviewed,1
forecast,1
removed,1
helps,1
singles,1
administrator,1
cycle,1
amounts,1
contain,1
accuracy,1
dual,1
rise,1
sleep,1
bird,1
pharmacy,1
brazil,1
creation,1
static,1
scene,1
hunter,1
addresses,1
lady,1
crystal,1
famous,1
writer,1
chairman,1
violence,1
fans,1
oklahoma,1
speakers,1
drink,1
academy,1
dynamic,1
gender,1
permanent,1
agriculture,1
dell,1
cleaning,1
constitutes,1
portfolio,1
practical,1
delivered,1
collectibles,1
infrastructure,1
exclusive,1
seat,1
concerns,1
colour,1
vendor,1
originally,1
intel,1
utilities,1
philosophy,1
regulation,1
officers,1
reduction,1
bids,1
referred,1
supports,1
nutrition,1
recording,1
regions,1
junior,1
toll,1
cape,1
rings,1
meaning,1
secondary,1
wonderful,1
mine,1
ladies,1
henry,1
ticket,1
announced,1
guess,1
agreed,1
prevention,1
whom,1
soccer,1
math,1
import,1
posting,1
presence,1
instant,1
mentioned,1
automatic,1
healthcare,1
viewing,1
maintained,1
increasing,1
majority,1
connected,1
christ,1
dogs,1
directors,1
aspects,1
austria,1
ahead,1
moon,1
participation,1
scheme,1
utility,1
preview,1
manner,1
matrix,1
containing,1
combination,1
devel,1
amendment,1
despite,1
strength,1
guaranteed,1
turkey,1
libraries,1
proper,1
distributed,1
degrees,1
singapore,1
enterprises,1
delta,1
fear,1
seeking,1
inches,1
phoenix,1
convention,1
shares,1
principal,1
daughter,1
standing,1
voyeur,1
comfort,1
colors,1
wars,1
cisco,1
ordering,1
kept,1
alpha,1
appeal,1
cruise,1
bonus,1
certification,1
previously,1
bookmark,1
buildings,1
specials,1
beat,1
disney,1
household,1
batteries,1
adobe,1
smoking,1
becomes,1
drives,1
arms,1
alabama,1
improved,1
trees,1
achieve,1
positions,1
dress,1
subscription,1
dealer,1
contemporary,1
utah,1
nearby,1
carried,1
happen,1
exposure,1
